3662,SUNBEAM CORP/FL/,199803,1998-03-06 00:00:00,10-K405,edgar/data/3662/0000950170-98-000413.txt,20,74,-0.5744680789950205,24.525,0.5219164118246687,10.018766564729868,1024,1962,30,11,0.010193679918450561,0.03771661569826707,0.01529051987767584,0.0056065239551478085,0,0,0.0,0,0,0,0,0,0,0,0,0,0,0,0,0,0.0,0,0,0,0,0,0,0,0,0,0,0
3662,SUNBEAM CORP/FL/,199805,1998-05-15 00:00:00,10-Q,edgar/data/3662/0000950170-98-001001.txt,11,55,-0.6666666565656567,27.944444444444443,0.5440689198144466,11.395405345703557,821,1509,54,3,0.00728959575878065,0.03644797879390325,0.03578528827037773,0.0019880715705765406,0,0,0.0,0,0,0,0,0,0,0,0,0,0,0,0,0,0.0,0,0,0,0,0,0,0,0,0,0,0
3662,SUNBEAM CORP/FL/,199808,1998-08-13 00:00:00,NT 10-Q,edgar/data/3662/0000950172-98-000783.txt,0,0,0.0,0,0,0,0,0,0,0,0,0,0,0,0,0,0.0,0,0,0,0,0,0,0,0,0,0,0,0,0,0.0,0,0,0,0,0,0,0,0,0,0,0
3662,SUNBEAM CORP/FL/,199811,1998-11-12 00:00:00,10-K/A,edgar/data/3662/0000950170-98-002145.txt,38,145,-0.5846994503568336,21.928571428571427,0.5450597176981542,8.989452458507833,2008,3684,75,46,0.01031487513572204,0.039359391965255154,0.02035830618892508,0.01248642779587405,0,0,0.0,0,0,0,0,0,0,0,0,0,0,0,0,0,0.0,0,0,0,0,0,0,0,0,0,0,0
3662,SUNBEAM CORP/FL/,199811,1998-11-16 00:00:00,NT 10-Q,edgar/data/3662/0000950172-98-001203.txt,0,0,0.0,0,0,0,0,0,0,0,0,0,0,0,0,0,0.0,0,0,0,0,0,0,0,0,0,0,0,0,0,0.0,0,0,0,0,0,0,0,0,0,0,0
3662,SUNBEAM CORP/FL/,199811,1998-11-25 00:00:00,10-Q/A,edgar/data/3662/0000950170-98-002278.txt,22,77,-0.5555555499438833,21.606299212598426,0.543002915451895,8.859720851220128,1490,2744,80,28,0.008017492711370262,0.02806122448979592,0.029154518950437316,0.01020408163265306,0,0,0.0,0,0,0,0,0,0,0,0,0,0,0,0,0,0.0,0,0,0,0,0,0,0,0,0,0,0
3662,SUNBEAM CORP/FL/,199812,1998-12-22 00:00:00,10-Q,edgar/data/3662/0000950170-98-002401.txt,43,129,-0.4999999970930233,21.185185185185187,0.5377122877122877,8.68915898915899,2153,4004,96,40,0.01073926073926074,0.032217782217782216,0.023976023976023976,0.00999000999000999,0,0,0.0,0,0,0,0,0,0,0,0,0,0,0,0,0,0.0,0,0,0,0,0,0,0,0,0,0,0
3662,SUNBEAM CORP/FL/,199812,1998-12-22 00:00:00,10-Q,edgar/data/3662/0000950170-98-002402.txt,41,125,-0.5060240933372042,20.481283422459892,0.5420365535248042,8.40932799039388,2076,3830,100,38,0.010704960835509139,0.03263707571801567,0.02610966057441253,0.009921671018276762,0,0,0.0,0,0,0,0,0,0,0,0,0,0,0,0,0,0.0,0,0,0,0,0,0,0,0,0,0,0
3662,SUNBEAM CORP/FL/,199903,1999-03-31 00:00:00,NT 10-K,edgar/data/3662/0000950172-99-000362.txt,0,0,0.0,0,0,0,0,0,0,0,0,0,0,0,0,0,0.0,0,0,0,0,0,0,0,0,0,0,0,0,0,0.0,0,0,0,0,0,0,0,0,0,0,0
3662,SUNBEAM CORP/FL/,199905,1999-05-11 00:00:00,10-K,edgar/data/3662/0000950170-99-000775.txt,73,319,-0.6275510188072678,18.10377358490566,0.5384314747264201,7.456882023852832,4133,7676,179,85,0.009510161542470037,0.041558103178738925,0.023319437206878582,0.011073475768629494,0,0,0.0,0,0,0,0,0,0,0,0,0,0,0,0,0,0.0,0,0,0,0,0,0,0,0,0,0,0
3662,SUNBEAM CORP/FL/,199905,1999-05-17 00:00:00,NT 10-Q,edgar/data/3662/0000950172-99-000584.txt,0,0,0.0,0,0,0,0,0,0,0,0,0,0,0,0,0,0.0,0,0,0,0,0,0,0,0,0,0,0,0,0,0.0,0,0,0,0,0,0,0,0,0,0,0
3662,SUNBEAM CORP/FL/,199906,1999-06-11 00:00:00,10-Q,edgar/data/3662/0000950170-99-001005.txt,37,77,-0.35087718990458605,20.150837988826815,0.5411699473246465,8.276803174460586,1952,3607,116,32,0.010257831993346272,0.02134738009426116,0.03215968949265317,0.00887163848073191,0,0,0.0,0,0,0,0,0,0,0,0,0,0,0,0,0,0.0,0,0,0,0,0,0,0,0,0,0,0
3662,SUNBEAM CORP/FL/,199908,1999-08-16 00:00:00,NT 10-Q,edgar/data/3662/0000950172-99-001074.txt,0,0,0.0,0,0,0,0,0,0,0,0,0,0,0,0,0,0.0,0,0,0,0,0,0,0,0,0,0,0,0,0,0.0,0,0,0,0,0,0,0,0,0,0,0
3662,SUNBEAM CORP/FL/,199908,1999-08-19 00:00:00,10-Q,edgar/data/3662/0000950170-99-001361.txt,79,141,-0.2818181805371901,18.682692307692307,0.5337107565620175,7.6865612257017295,3111,5829,147,60,0.013552925030022303,0.024189397838394237,0.025218733916623777,0.010293360782295419,0,0,0.0,0,0,0,0,0,0,0,0,0,0,0,0,0,0.0,0,0,0,0,0,0,0,0,0,0,0
3662,SUNBEAM CORP/FL/,199911,1999-11-08 00:00:00,10-K/A,edgar/data/3662/0000889812-99-003241.txt,88,387,-0.6294736828853186,18.87701612903226,0.5428815550571398,7.76795907363576,5083,9363,236,112,0.009398696998825163,0.04133290611983339,0.0252055964968493,0.011961977998504753,0,0,0.0,0,0,0,0,0,0,0,0,0,0,0,0,0,0.0,0,0,0,0,0,0,0,0,0,0,0
3662,SUNBEAM CORP/FL/,199911,1999-11-08 00:00:00,10-Q/A,edgar/data/3662/0000950170-99-001639.txt,82,163,-0.3306122435485215,18.842900302114803,0.5287798621131955,7.7486720656912,3298,6237,162,69,0.013147346480679814,0.0261343594676928,0.025974025974025976,0.011063011063011063,0,0,0.0,0,0,0,0,0,0,0,0,0,0,0,0,0,0.0,0,0,0,0,0,0,0,0,0,0,0
3662,SUNBEAM CORP/FL/,199911,1999-11-08 00:00:00,10-Q/A,edgar/data/3662/0000950170-99-001640.txt,46,146,-0.5208333306206597,20.826446280991735,0.5341269841269841,8.54422930604749,2692,5040,143,60,0.009126984126984128,0.02896825396825397,0.028373015873015873,0.011904761904761904,0,0,0.0,0,0,0,0,0,0,0,0,0,0,0,0,0,0.0,0,0,0,0,0,0,0,0,0,0,0
3662,SUNBEAM CORP/FL/,199911,1999-11-15 00:00:00,NT 10-Q,edgar/data/3662/0000950172-99-001626.txt,0,0,0.0,0,0,0,0,0,0,0,0,0,0,0,0,0,0.0,0,0,0,0,0,0,0,0,0,0,0,0,0,0.0,0,0,0,0,0,0,0,0,0,0,0
3662,SUNBEAM CORP/FL/,199911,1999-11-19 00:00:00,10-Q,edgar/data/3662/0000950170-99-001856.txt,86,175,-0.3409961672758768,18.93002915451895,0.5330355767749885,7.785225892517577,3461,6493,166,70,0.013245033112582781,0.02695210226397659,0.025565994147543507,0.010780840905590635,0,0,0.0,0,0,0,0,0,0,0,0,0,0,0,0,0,0.0,0,0,0,0,0,0,0,0,0,0,0
3982,ALLIS CHALMERS ENERGY INC.,200603,2006-03-22 00:00:00,10-K,edgar/data/3982/0000950129-06-002926.txt,0,0,0.0,0,0,0,0,0,0,0,0,0,0,0,0,0,0.0,0,0,0,0,0,0,0,0,0,0,0,0,0,0.0,0,0,0,0,0,0,0,0,0,0,0
3982,ALLIS CHALMERS ENERGY INC.,200605,2006-05-01 00:00:00,10-K/A,edgar/data/3982/0000950129-06-004690.txt,0,0,0.0,0,0,0,0,0,0,0,0,0,0,0,0,0,0.0,0,0,0,0,0,0,0,0,0,0,0,0,0,0.0,0,0,0,0,0,0,0,0,0,0,0
3982,ALLIS CHALMERS ENERGY INC.,200605,2006-05-10 00:00:00,10-Q,edgar/data/3982/0000950129-06-005244.txt,0,0,0.0,0,0,0,0,0,0,0,0,0,0,0,0,7,-0.9999998571428775,8.75,0.42142857142857143,3.6685714285714286,59,140,11,1,0.0,0.05,0.07857142857142857,0.007142857142857143,0,0,0.0,0,0,0,0,0,0,0,0,0,0,0
3982,ALLIS CHALMERS ENERGY INC.,200607,2006-07-24 00:00:00,10-K/A,edgar/data/3982/0000950129-06-007243.txt,0,0,0.0,0,0,0,0,0,0,0,0,0,0,0,0,0,0.0,0,0,0,0,0,0,0,0,0,0,0,0,0,0.0,0,0,0,0,0,0,0,0,0,0,0
3982,ALLIS CHALMERS ENERGY INC.,200607,2006-07-24 00:00:00,10-Q/A,edgar/data/3982/0000950129-06-007244.txt,0,0,0.0,0,0,0,0,0,0,0,0,0,0,0,0,0,0.0,0,0,0,0,0,0,0,0,0,0,0,0,0,0.0,0,0,0,0,0,0,0,0,0,0,0
3982,ALLIS CHALMERS ENERGY INC.,200608,2006-08-14 00:00:00,10-Q,edgar/data/3982/0000950129-06-007871.txt,0,0,0.0,0,0,0,0,0,0,0,0,0,0,0,0,7,-0.9999998571428775,8.625,0.427536231884058,3.6210144927536234,59,138,11,1,0.0,0.050724637681159424,0.07971014492753623,0.007246376811594203,0,0,0.0,0,0,0,0,0,0,0,0,0,0,0
3982,ALLIS CHALMERS ENERGY INC.,200611,2006-11-08 00:00:00,10-Q,edgar/data/3982/0000950129-06-009522.txt,0,0,0.0,0,0,0,0,0,0,0,0,0,0,0,1,8,-0.7777776913580343,10.333333333333334,0.46236559139784944,4.318279569892474,86,186,13,1,0.005376344086021506,0.043010752688172046,0.06989247311827956,0.005376344086021506,0,0,0.0,0,0,0,0,0,0,0,0,0,0,0
3982,ALLIS CHALMERS ENERGY INC.,200612,2006-12-29 00:00:00,10-Q/A,edgar/data/3982/0000950134-06-023819.txt,0,0,0.0,0,0,0,0,0,0,0,0,0,0,0,0,0,0.0,0,0,0,0,0,0,0,0,0,0,0,0,0,0.0,0,0,0,0,0,0,0,0,0,0,0
3982,ALLIS CHALMERS ENERGY INC.,200703,2007-03-15 00:00:00,10-K,edgar/data/3982/0000950129-07-001381.txt,0,0,0.0,0,0,0,0,0,0,0,0,0,0,0,0,0,0.0,0,0,0,0,0,0,0,0,0,0,0,0,0,0.0,0,0,0,0,0,0,0,0,0,0,0
3982,ALLIS CHALMERS ENERGY INC.,200705,2007-05-10 00:00:00,10-Q,edgar/data/3982/0000950129-07-002432.txt,0,0,0.0,0,0,0,0,0,0,0,0,0,0,0,1,7,-0.7499999062500118,10.1875,0.4294478527607362,4.2467791411042946,70,163,9,1,0.006134969325153374,0.04294478527607362,0.05521472392638037,0.006134969325153374,0,0,0.0,0,0,0,0,0,0,0,0,0,0,0
3982,ALLIS CHALMERS ENERGY INC.,200708,2007-08-09 00:00:00,10-Q,edgar/data/3982/0000950129-07-003918.txt,0,0,0.0,0,0,0,0,0,0,0,0,0,0,0,1,7,-0.7499999062500118,10.0625,0.43478260869565216,4.198913043478261,70,161,9,1,0.006211180124223602,0.043478260869565216,0.055900621118012424,0.006211180124223602,0,0,0.0,0,0,0,0,0,0,0,0,0,0,0
3982,ALLIS CHALMERS ENERGY INC.,200711,2007-11-06 00:00:00,10-Q,edgar/data/3982/0000950129-07-005361.txt,0,0,0.0,0,0,0,0,0,0,0,0,0,0,0,1,7,-0.7499999062500118,10.0625,0.4472049689440994,4.20388198757764,72,161,9,1,0.006211180124223602,0.043478260869565216,0.055900621118012424,0.006211180124223602,0,0,0.0,0,0,0,0,0,0,0,0,0,0,0
3982,ALLIS CHALMERS ENERGY INC.,200803,2008-03-07 00:00:00,10-K,edgar/data/3982/0000950129-08-001569.txt,0,0,0.0,0,0,0,0,0,0,0,0,0,0,0,0,0,0.0,0,0,0,0,0,0,0,0,0,0,0,0,0,0.0,0,0,0,0,0,0,0,0,0,0,0
3982,ALLIS CHALMERS ENERGY INC.,200804,2008-04-29 00:00:00,10-K/A,edgar/data/3982/0000950129-08-002507.txt,0,0,0.0,0,0,0,0,0,0,0,0,0,0,0,0,0,0.0,0,0,0,0,0,0,0,0,0,0,0,0,0,0.0,0,0,0,0,0,0,0,0,0,0,0
4447,AMERADA HESS CORP,200311,2003-11-12 00:00:00,10-Q,edgar/data/4447/0000950123-03-012528.txt,0,0,0.0,0,0,0,0,0,0,0,0,0,0,0,0,0,0.0,0,0,0,0,0,0,0,0,0,0,0,0,0,0.0,0,0,0,0,0,0,0,0,0,0,0
4447,AMERADA HESS CORP,200403,2004-03-12 00:00:00,10-K,edgar/data/4447/0000950123-04-003250.txt,0,0,0.0,0,0,0,0,0,0,0,0,0,0,0,0,0,0.0,0,0,0,0,0,0,0,0,0,0,0,0,0,0.0,0,0,0,0,0,0,0,0,0,0,0
4447,AMERADA HESS CORP,200403,2004-03-15 00:00:00,10-K/A,edgar/data/4447/0000950123-04-003322.txt,0,0,0.0,0,0,0,0,0,0,0,0,0,0,0,0,0,0.0,0,0,0,0,0,0,0,0,0,0,0,0,0,0.0,0,0,0,0,0,0,0,0,0,0,0
4447,AMERADA HESS CORP,200405,2004-05-07 00:00:00,10-Q,edgar/data/4447/0000950123-04-005950.txt,0,0,0.0,0,0,0,0,0,0,0,0,0,0,0,0,0,0.0,0,0,0,0,0,0,0,0,0,0,0,0,0,0.0,0,0,0,0,0,0,0,0,0,0,0
4447,AMERADA HESS CORP,200408,2004-08-06 00:00:00,10-Q,edgar/data/4447/0000950123-04-009350.txt,0,0,0.0,0,0,0,0,0,0,0,0,0,0,0,0,0,0.0,0,0,0,0,0,0,0,0,0,0,0,0,0,0.0,0,0,0,0,0,0,0,0,0,0,0
4447,AMERADA HESS CORP,200411,2004-11-05 00:00:00,10-Q,edgar/data/4447/0000950123-04-013054.txt,0,0,0.0,0,0,0,0,0,0,0,0,0,0,0,0,0,0.0,0,0,0,0,0,0,0,0,0,0,0,0,0,0.0,0,0,0,0,0,0,0,0,0,0,0
4447,AMERADA HESS CORP,200503,2005-03-14 00:00:00,10-K,edgar/data/4447/0000950123-05-003078.txt,0,0,0.0,0,0,0,0,0,0,0,0,0,0,0,0,0,0.0,0,0,0,0,0,0,0,0,0,0,0,0,0,0.0,0,0,0,0,0,0,0,0,0,0,0
4447,AMERADA HESS CORP,200505,2005-05-06 00:00:00,10-Q,edgar/data/4447/0000950123-05-005767.txt,0,0,0.0,0,0,0,0,0,0,0,0,0,0,0,0,0,0.0,0,0,0,0,0,0,0,0,0,0,0,0,0,0.0,0,0,0,0,0,0,0,0,0,0,0
4447,AMERADA HESS CORP,200508,2005-08-05 00:00:00,10-Q,edgar/data/4447/0000950123-05-009475.txt,0,0,0.0,0,0,0,0,0,0,0,0,0,0,0,0,0,0.0,0,0,0,0,0,0,0,0,0,0,0,0,0,0.0,0,0,0,0,0,0,0,0,0,0,0
4447,AMERADA HESS CORP,200511,2005-11-07 00:00:00,10-Q,edgar/data/4447/0000950123-05-013153.txt,0,0,0.0,0,0,0,0,0,0,0,0,0,0,0,0,0,0.0,0,0,0,0,0,0,0,0,0,0,0,0,0,0.0,0,0,0,0,0,0,0,0,0,0,0
4457,AMERCO /NV/,199911,1999-11-08 00:00:00,10-Q,edgar/data/4457/0000004457-99-000043.txt,13,64,-0.6623376537358746,14.88888888888889,0.5512654120700844,6.17606172038359,1699,3082,30,14,0.004218040233614536,0.020765736534717714,0.00973393900064893,0.004542504866969501,0,0,0.0,0,0,0,0,0,0,0,0,0,0,0,0,0,0.0,0,0,0,0,0,0,0,0,0,0,0
4457,AMERCO /NV/,200002,2000-02-10 00:00:00,10-Q,edgar/data/4457/0000004457-00-000018.txt,12,51,-0.6190476092214665,13.783251231527094,0.5746962115796997,5.743178977242717,1608,2798,27,14,0.004288777698355968,0.018227305218012867,0.00964974982130093,0.005003573981415297,0,0,0.0,0,0,0,0,0,0,0,0,0,0,0,0,0,0.0,0,0,0,0,0,0,0,0,0,0,0
4457,AMERCO /NV/,200006,2000-06-29 00:00:00,10-K,edgar/data/4457/0000004457-00-000067.txt,18,53,-0.4929577395358065,13.76595744680851,0.5645285935085008,5.732194416126805,1461,2588,25,12,0.006955177743431221,0.020479134466769706,0.009659969088098918,0.00463678516228748,0,0,0.0,0,0,0,0,0,0,0,0,0,0,0,0,0,0.0,0,0,0,0,0,0,0,0,0,0,0
4457,AMERCO /NV/,200008,2000-08-11 00:00:00,10-Q,edgar/data/4457/0000004457-00-000080.txt,7,36,-0.6744185889670096,13.34862385321101,0.5587628865979382,5.56295469592358,813,1455,17,10,0.004810996563573883,0.024742268041237112,0.01168384879725086,0.006872852233676976,0,0,0.0,0,0,0,0,0,0,0,0,0,0,0,0,0,0.0,0,0,0,0,0,0,0,0,0,0,0
4457,AMERCO /NV/,200011,2000-11-13 00:00:00,10-Q,edgar/data/4457/0000004457-00-000105.txt,7,25,-0.5624999824218756,10.94,0.5965874466788543,4.614634978671542,979,1641,15,6,0.0042656916514320535,0.015234613040828763,0.009140767824497258,0.003656307129798903,0,0,0.0,0,0,0,0,0,0,0,0,0,0,0,0,0,0.0,0,0,0,0,0,0,0,0,0,0,0
4457,AMERCO /NV/,200102,2001-02-14 00:00:00,10-Q,edgar/data/4457/0000004457-01-500024.txt,5,33,-0.7368420858725767,11.006493506493506,0.6224188790560472,4.651564954219821,1055,1695,20,6,0.0029498525073746312,0.019469026548672566,0.011799410029498525,0.0035398230088495575,0,0,0.0,0,0,0,0,0,0,0,0,0,0,0,0,0,0.0,0,0,0,0,0,0,0,0,0,0,0
4457,AMERCO /NV/,200107,2001-07-02 00:00:00,10-K,edgar/data/4457/0000004457-01-500063.txt,17,60,-0.5584415511890708,14.0,0.5566893424036281,5.822675736961451,1473,2646,25,13,0.006424792139077854,0.022675736961451247,0.00944822373393802,0.0049130763416477706,0,0,0.0,0,0,0,0,0,0,0,0,0,0,0,0,0,0.0,0,0,0,0,0,0,0,0,0,0,0
4457,AMERCO /NV/,200107,2001-07-02 00:00:00,NT 10-K,edgar/data/4457/0000004457-01-500060.txt,0,0,0.0,0,0,0,0,0,0,0,0,0,0,0,0,0,0.0,0,0,0,0,0,0,0,0,0,0,0,0,0,0.0,0,0,0,0,0,0,0,0,0,0,0
4457,AMERCO /NV/,200108,2001-08-10 00:00:00,10-Q,edgar/data/4457/0000004457-01-500081.txt,5,22,-0.6296296063100145,11.718181818181819,0.5802948021722265,4.9193906481416185,748,1289,18,9,0.003878975950349108,0.017067494181536073,0.013964313421256789,0.0069821567106283944,0,0,0.0,0,0,0,0,0,0,0,0,0,0,0,0,0,0.0,0,0,0,0,0,0,0,0,0,0,0
4457,AMERCO /NV/,200108,2001-08-10 00:00:00,10-Q/A,edgar/data/4457/0000004457-01-500083.txt,7,43,-0.7199999856000003,11.208588957055214,0.6075533661740559,4.726456929291708,1110,1827,21,6,0.0038314176245210726,0.02353585112205802,0.011494252873563218,0.003284072249589491,0,0,0.0,0,0,0,0,0,0,0,0,0,0,0,0,0,0.0,0,0,0,0,0,0,0,0,0,0,0
4515,AMERICAN AIRLINES INC,200810,2008-10-16 00:00:00,10-Q,edgar/data/4515/0000004515-08-000073.txt,0,0,0.0,0,0,0,0,0,0,0,0,0,0,0,0,0,0.0,0,0,0,0,0,0,0,0,0,0,0,0,0,0.0,0,0,0,0,0,0,0,0,0,0,0
4515,AMERICAN AIRLINES INC,200902,2009-02-19 00:00:00,10-K,edgar/data/4515/0000004515-09-000008.txt,57,98,-0.2645161273257024,21.863387978142075,0.5476130967258186,8.964400429947158,2191,4001,65,96,0.0142464383904024,0.024493876530867282,0.016245938515371157,0.023994001499625092,0,0,0.0,0,0,0,0,0,0,0,0,0,0,0,0,0,0.0,0,0,0,0,0,0,0,0,0,0,0
4515,AMERICAN AIRLINES INC,200904,2009-04-16 00:00:00,10-Q,edgar/data/4515/0000004515-09-000018.txt,0,0,0.0,0,0,0,0,0,0,0,0,0,0,0,0,0,0.0,0,0,0,0,0,0,0,0,0,0,0,0,0,0.0,0,0,0,0,0,0,0,0,0,0,0
4515,AMERICAN AIRLINES INC,200907,2009-07-15 00:00:00,10-Q,edgar/data/4515/0000004515-09-000029.txt,0,0,0.0,0,0,0,0,0,0,0,0,0,0,0,0,0,0.0,0,0,0,0,0,0,0,0,0,0,0,0,0,0.0,0,0,0,0,0,0,0,0,0,0,0
4515,AMERICAN AIRLINES INC,200910,2009-10-21 00:00:00,10-Q,edgar/data/4515/0000004515-09-000039.txt,0,0,0.0,0,0,0,0,0,0,0,0,0,0,0,0,0,0.0,0,0,0,0,0,0,0,0,0,0,0,0,0,0.0,0,0,0,0,0,0,0,0,0,0,0
4515,AMERICAN AIRLINES INC,200911,2009-11-06 00:00:00,10-Q/A,edgar/data/4515/0000004515-09-000041.txt,0,0,0.0,0,0,0,0,0,0,0,0,0,0,0,0,0,0.0,0,0,0,0,0,0,0,0,0,0,0,0,0,0.0,0,0,0,0,0,0,0,0,0,0,0
4515,AMERICAN AIRLINES INC,201002,2010-02-17 00:00:00,10-K,edgar/data/4515/0000004515-10-000006.txt,56,93,-0.24832214598441513,19.18974358974359,0.5598610368786745,7.899841850648906,2095,3742,72,69,0.014965259219668627,0.024853019775521113,0.019241047568145375,0.018439337252805985,0,0,0.0,0,0,0,0,0,0,0,0,0,0,0,0,0,0.0,0,0,0,0,0,0,0,0,0,0,0
4515,AMERICAN AIRLINES INC,201004,2010-04-21 00:00:00,10-Q,edgar/data/4515/0000004515-10-000016.txt,0,0,0.0,0,0,0,0,0,0,0,0,0,0,0,0,0,0.0,0,0,0,0,0,0,0,0,0,0,0,0,0,0.0,0,0,0,0,0,0,0,0,0,0,0
4515,AMERICAN AIRLINES INC,201007,2010-07-21 00:00:00,10-Q,edgar/data/4515/0000950123-10-066865.txt,0,0,0.0,0,0,0,0,0,0,0,0,0,0,0,0,0,0.0,0,0,0,0,0,0,0,0,0,0,0,0,0,0.0,0,0,0,0,0,0,0,0,0,0,0
4515,AMERICAN AIRLINES INC,201010,2010-10-20 00:00:00,10-Q,edgar/data/4515/0000950123-10-094615.txt,0,0,0.0,0,0,0,0,0,0,0,0,0,0,0,0,0,0.0,0,0,0,0,0,0,0,0,0,0,0,0,0,0.0,0,0,0,0,0,0,0,0,0,0,0
4962,AMERICAN EXPRESS CO,201404,2014-04-29 00:00:00,10-Q,edgar/data/4962/0001193125-14-167067.txt,0,0,0.0,0,0,0,0,0,0,0,0,0,0,0,0,0,0.0,0,0,0,0,0,0,0,0,0,0,0,0,0,0.0,0,0,0,0,0,0,0,0,0,0,0
4962,AMERICAN EXPRESS CO,201407,2014-07-30 00:00:00,10-Q,edgar/data/4962/0001193125-14-286961.txt,0,0,0.0,0,0,0,0,0,0,0,0,0,0,0,0,0,0.0,0,0,0,0,0,0,0,0,0,0,0,0,0,0.0,0,0,0,0,0,0,0,0,0,0,0
5588,AMERICAN PAD & PAPER CO,199611,1996-11-06 00:00:00,10-Q,edgar/data/5588/0000930661-96-001510.txt,14,3,0.6470587854671302,25.7,0.5145914396887159,10.485836575875487,529,1028,17,8,0.013618677042801557,0.0029182879377431907,0.016536964980544747,0.007782101167315175,0,0,0.0,0,0,0,0,0,0,0,0,0,0,0,0,0,0.0,0,0,0,0,0,0,0,0,0,0,0
5588,AMERICAN PAD & PAPER CO,199703,1997-03-31 00:00:00,10-K,edgar/data/5588/0000950134-97-002428.txt,25,25,0.0,21.762886597938145,0.5097110374230223,8.909039054144467,1076,2111,45,12,0.011842728564661297,0.011842728564661297,0.021316911416390336,0.005684509711037423,0,0,0.0,0,0,0,0,0,0,0,0,0,0,0,0,0,0.0,0,0,0,0,0,0,0,0,0,0,0
5588,AMERICAN PAD & PAPER CO,199705,1997-05-15 00:00:00,10-Q,edgar/data/5588/0000950134-97-003934.txt,16,18,-0.05882352768166096,19.72972972972973,0.49931506849315066,8.091617919289153,729,1460,33,7,0.010958904109589041,0.012328767123287671,0.022602739726027398,0.004794520547945206,0,0,0.0,0,0,0,0,0,0,0,0,0,0,0,0,0,0.0,0,0,0,0,0,0,0,0,0,0,0
5588,AMERICAN PAD & PAPER CO,199708,1997-08-14 00:00:00,10-Q,edgar/data/5588/0000950134-97-006223.txt,12,15,-0.11111110699588492,19.5,0.5035612535612536,8.001424501424502,707,1404,33,9,0.008547008547008548,0.010683760683760684,0.023504273504273504,0.00641025641025641,0,0,0.0,0,0,0,0,0,0,0,0,0,0,0,0,0,0.0,0,0,0,0,0,0,0,0,0,0,0
5588,AMERICAN PAD & PAPER CO,199711,1997-11-14 00:00:00,10-Q,edgar/data/5588/0000950134-97-008577.txt,10,15,-0.19999999200000032,20.333333333333332,0.5245901639344263,8.343169398907104,768,1464,34,9,0.006830601092896175,0.010245901639344262,0.023224043715846996,0.006147540983606557,0,0,0.0,0,0,0,0,0,0,0,0,0,0,0,0,0,0.0,0,0,0,0,0,0,0,0,0,0,0
5588,AMERICAN PAD & PAPER CO,199803,1998-03-27 00:00:00,10-K,edgar/data/5588/0000950134-98-002477.txt,18,42,-0.39999999333333347,17.376712328767123,0.525817895151754,7.161012089567551,1334,2537,37,16,0.007094994087504927,0.016554986204178165,0.014584154513204573,0.0063066614111154905,0,0,0.0,0,0,0,0,0,0,0,0,0,0,0,0,0,0.0,0,0,0,0,0,0,0,0,0,0,0
5588,AMERICAN PAD & PAPER CO,199805,1998-05-14 00:00:00,10-Q,edgar/data/5588/0000950134-98-004241.txt,12,17,-0.17241378715814526,15.945652173913043,0.4948875255623722,6.576215879790166,726,1467,29,10,0.0081799591002045,0.011588275391956374,0.019768234492160874,0.006816632583503749,0,0,0.0,0,0,0,0,0,0,0,0,0,0,0,0,0,0.0,0,0,0,0,0,0,0,0,0,0,0
5588,AMERICAN PAD & PAPER CO,199808,1998-08-14 00:00:00,10-Q,edgar/data/5588/0000950134-98-006988.txt,22,41,-0.30158729680020163,16.81081081081081,0.4803054662379421,6.916446510819502,1195,2488,38,20,0.008842443729903537,0.01647909967845659,0.01527331189710611,0.008038585209003215,0,0,0.0,0,0,0,0,0,0,0,0,0,0,0,0,0,0.0,0,0,0,0,0,0,0,0,0,0,0
5588,AMERICAN PAD & PAPER CO,199811,1998-11-13 00:00:00,10-Q,edgar/data/5588/0000005588-98-000008.txt,0,0,0.0,0,0,0,0,0,0,0,0,0,0,0,0,0,0.0,0,0,0,0,0,0,0,0,0,0,0,0,0,0.0,0,0,0,0,0,0,0,0,0,0,0
5588,AMERICAN PAD & PAPER CO,199811,1998-11-16 00:00:00,10-Q/A,edgar/data/5588/0000005588-98-000010.txt,0,0,0.0,0,0,0,0,0,0,0,0,0,0,0,0,0,0.0,0,0,0,0,0,0,0,0,0,0,0,0,0,0.0,0,0,0,0,0,0,0,0,0,0,0
5907,AT&T CORP,199908,1999-08-13 00:00:00,10-Q,edgar/data/5907/0000005907-99-000027.txt,0,0,0.0,0,0,0,0,0,0,0,0,0,0,0,0,0,0.0,0,0,0,0,0,0,0,0,0,0,0,0,0,0.0,0,0,0,0,0,0,0,0,0,0,0
5907,AT&T CORP,199911,1999-11-15 00:00:00,10-Q,edgar/data/5907/0000005907-99-000037.txt,0,0,0.0,0,0,0,0,0,0,0,0,0,0,0,0,0,0.0,0,0,0,0,0,0,0,0,0,0,0,0,0,0.0,0,0,0,0,0,0,0,0,0,0,0
5907,AT&T CORP,200003,2000-03-27 00:00:00,10-K,edgar/data/5907/0000005907-00-000014.txt,0,0,0.0,0,0,0,0,0,0,0,0,0,0,0,0,0,0.0,0,0,0,0,0,0,0,0,0,0,0,0,0,0.0,0,0,0,0,0,0,0,0,0,0,0
5907,AT&T CORP,200005,2000-05-15 00:00:00,10-Q,edgar/data/5907/0000005907-00-000025.txt,0,0,0.0,0,0,0,0,0,0,0,0,0,0,0,0,0,0.0,0,0,0,0,0,0,0,0,0,0,0,0,0,0.0,0,0,0,0,0,0,0,0,0,0,0
5907,AT&T CORP,200008,2000-08-14 00:00:00,10-Q,edgar/data/5907/0000005907-00-000031.txt,0,0,0.0,0,0,0,0,0,0,0,0,0,0,0,0,0,0.0,0,0,0,0,0,0,0,0,0,0,0,0,0,0.0,0,0,0,0,0,0,0,0,0,0,0
5907,AT&T CORP,200011,2000-11-14 00:00:00,10-Q,edgar/data/5907/0000005907-00-000038.txt,0,0,0.0,0,0,0,0,0,0,0,0,0,0,0,0,0,0.0,0,0,0,0,0,0,0,0,0,0,0,0,0,0.0,0,0,0,0,0,0,0,0,0,0,0
5907,AT&T CORP,200101,2001-01-26 00:00:00,10-K/A,edgar/data/5907/0000005907-01-000002.txt,0,0,0.0,0,0,0,0,0,0,0,0,0,0,0,0,0,0.0,0,0,0,0,0,0,0,0,0,0,0,0,0,0.0,0,0,0,0,0,0,0,0,0,0,0
5907,AT&T CORP,200104,2001-04-02 00:00:00,10-K405,edgar/data/5907/0000005907-01-000012.txt,126,232,-0.296089384647795,14.418478260869565,0.52393516773464,5.976965371441683,4170,7959,168,47,0.0158311345646438,0.029149390626963187,0.021108179419525065,0.00590526448046237,0,0,0.0,0,0,0,0,0,0,0,0,0,0,0,0,0,0.0,0,0,0,0,0,0,0,0,0,0,0
5907,AT&T CORP,200104,2001-04-17 00:00:00,10-K405/A,edgar/data/5907/0000005907-01-000015.txt,175,316,-0.2871690421849918,16.138676844783713,0.530074891604257,6.667500694555189,6724,12685,210,88,0.013795821836815136,0.024911312573906188,0.016554986204178165,0.00693732755222704,0,0,0.0,0,0,0,0,0,0,0,0,0,0,0,0,0,0.0,0,0,0,0,0,0,0,0,0,0,0
5907,AT&T CORP,200105,2001-05-15 00:00:00,10-Q,edgar/data/5907/0000950123-01-502538.txt,0,0,0.0,0,0,0,0,0,0,0,0,0,0,0,0,0,0.0,0,0,0,0,0,0,0,0,0,0,0,0,0,0.0,0,0,0,0,0,0,0,0,0,0,0
5907,AT&T CORP,200107,2001-07-03 00:00:00,10-Q/A,edgar/data/5907/0000950123-01-504075.txt,0,0,0.0,0,0,0,0,0,0,0,0,0,0,0,0,0,0.0,0,0,0,0,0,0,0,0,0,0,0,0,0,0.0,0,0,0,0,0,0,0,0,0,0,0
5907,AT&T CORP,200108,2001-08-10 00:00:00,10-Q/A,edgar/data/5907/0000950123-01-505366.txt,0,0,0.0,0,0,0,0,0,0,0,0,0,0,0,0,0,0.0,0,0,0,0,0,0,0,0,0,0,0,0,0,0.0,0,0,0,0,0,0,0,0,0,0,0
5907,AT&T CORP,200108,2001-08-14 00:00:00,10-Q,edgar/data/5907/0000950123-01-505598.txt,0,0,0.0,0,0,0,0,0,0,0,0,0,0,0,0,0,0.0,0,0,0,0,0,0,0,0,0,0,0,0,0,0.0,0,0,0,0,0,0,0,0,0,0,0
6071,AMES DEPARTMENT STORES INC,199809,1998-09-02 00:00:00,10-Q,edgar/data/6071/0000006071-98-000023.txt,0,0,0.0,0,0,0,0,0,0,0,0,0,0,0,0,0,0.0,0,0,0,0,0,0,0,0,0,0,0,0,0,0.0,0,0,0,0,0,0,0,0,0,0,0
6071,AMES DEPARTMENT STORES INC,199812,1998-12-10 00:00:00,10-Q,edgar/data/6071/0000006071-98-000026.txt,0,0,0.0,0,0,0,0,0,0,0,0,0,0,0,0,0,0.0,0,0,0,0,0,0,0,0,0,0,0,0,0,0.0,0,0,0,0,0,0,0,0,0,0,0
6071,AMES DEPARTMENT STORES INC,199904,1999-04-05 00:00:00,10-K,edgar/data/6071/0000889812-99-001116.txt,25,53,-0.35897435437212366,16.75862068965517,0.4933127572016461,6.900773378742727,959,1944,18,11,0.01286008230452675,0.02726337448559671,0.009259259259259259,0.00565843621399177,0,0,0.0,0,0,0,0,0,0,0,0,0,0,0,0,0,0.0,0,0,0,0,0,0,0,0,0,0,0
6071,AMES DEPARTMENT STORES INC,199906,1999-06-15 00:00:00,10-Q,edgar/data/6071/0000006071-99-000013.txt,0,0,0.0,0,0,0,0,0,0,0,0,0,0,0,0,0,0.0,0,0,0,0,0,0,0,0,0,0,0,0,0,0.0,0,0,0,0,0,0,0,0,0,0,0
6071,AMES DEPARTMENT STORES INC,199909,1999-09-14 00:00:00,10-Q,edgar/data/6071/0000006071-99-000015.txt,0,0,0.0,0,0,0,0,0,0,0,0,0,0,0,0,0,0.0,0,0,0,0,0,0,0,0,0,0,0,0,0,0.0,0,0,0,0,0,0,0,0,0,0,0
6071,AMES DEPARTMENT STORES INC,199912,1999-12-14 00:00:00,10-Q,edgar/data/6071/0000006071-99-000017.txt,0,0,0.0,0,0,0,0,0,0,0,0,0,0,0,0,0,0.0,0,0,0,0,0,0,0,0,0,0,0,0,0,0.0,0,0,0,0,0,0,0,0,0,0,0
6071,AMES DEPARTMENT STORES INC,200004,2000-04-11 00:00:00,10-K,edgar/data/6071/0000006071-00-000002.txt,0,0,0.0,0,0,0,0,0,0,0,0,0,0,0,0,0,0.0,0,0,0,0,0,0,0,0,0,0,0,0,0,0.0,0,0,0,0,0,0,0,0,0,0,0
6071,AMES DEPARTMENT STORES INC,200006,2000-06-13 00:00:00,10-Q,edgar/data/6071/0000006071-00-000011.txt,0,0,0.0,0,0,0,0,0,0,0,0,0,0,0,0,0,0.0,0,0,0,0,0,0,0,0,0,0,0,0,0,0.0,0,0,0,0,0,0,0,0,0,0,0
6201,AMR CORP,199908,1999-08-16 00:00:00,10-Q,edgar/data/6201/0000006201-99-000023.txt,0,0,0.0,0,0,0,0,0,0,0,0,0,0,0,0,0,0.0,0,0,0,0,0,0,0,0,0,0,0,0,0,0.0,0,0,0,0,0,0,0,0,0,0,0
6201,AMR CORP,199911,1999-11-05 00:00:00,10-Q,edgar/data/6201/0000006201-99-000028.txt,0,0,0.0,0,0,0,0,0,0,0,0,0,0,0,0,0,0.0,0,0,0,0,0,0,0,0,0,0,0,0,0,0.0,0,0,0,0,0,0,0,0,0,0,0
6201,AMR CORP,200003,2000-03-27 00:00:00,10-K405,edgar/data/6201/0000950134-00-002454.txt,18,59,-0.5324675255523699,18.361702127659573,0.5326380842023948,7.5577360847447865,1379,2589,49,31,0.006952491309385863,0.022788721514098106,0.01892622634221707,0.01197373503283121,0,0,0.0,0,0,0,0,0,0,0,0,0,0,0,0,0,0.0,0,0,0,0,0,0,0,0,0,0,0
6201,AMR CORP,200005,2000-05-11 00:00:00,10-Q,edgar/data/6201/0000006201-00-000009.txt,0,0,0.0,0,0,0,0,0,0,0,0,0,0,0,0,0,0.0,0,0,0,0,0,0,0,0,0,0,0,0,0,0.0,0,0,0,0,0,0,0,0,0,0,0
6201,AMR CORP,200007,2000-07-28 00:00:00,10-Q,edgar/data/6201/0000950134-00-006067.txt,17,22,-0.12820512491781733,22.192307692307693,0.49682264586943964,9.075652135270854,860,1731,24,16,0.009820912767186597,0.012709416522241479,0.01386481802426343,0.00924321201617562,0,0,0.0,0,0,0,0,0,0,0,0,0,0,0,0,0,0.0,0,0,0,0,0,0,0,0,0,0,0
6201,AMR CORP,200010,2000-10-26 00:00:00,10-Q,edgar/data/6201/0000006201-00-000017.txt,0,0,0.0,0,0,0,0,0,0,0,0,0,0,0,0,0,0.0,0,0,0,0,0,0,0,0,0,0,0,0,0,0.0,0,0,0,0,0,0,0,0,0,0,0
6201,AMR CORP,200103,2001-03-22 00:00:00,10-K405,edgar/data/6201/0000950134-01-002483.txt,44,52,-0.08333333246527778,17.51948051948052,0.5363232023721275,7.222321488741059,1447,2698,62,21,0.01630837657524092,0.01927353595255745,0.022979985174203115,0.007783543365455893,0,0,0.0,0,0,0,0,0,0,0,0,0,0,0,0,0,0.0,0,0,0,0,0,0,0,0,0,0,0
6201,AMR CORP,200104,2001-04-24 00:00:00,10-Q,edgar/data/6201/0000950134-01-500665.txt,8,11,-0.15789472853185638,19.88,0.5070422535211268,8.15481690140845,504,994,21,8,0.008048289738430584,0.011066398390342052,0.02112676056338028,0.008048289738430584,0,0,0.0,0,0,0,0,0,0,0,0,0,0,0,0,0,0.0,0,0,0,0,0,0,0,0,0,0,0
6201,AMR CORP,200108,2001-08-13 00:00:00,10-Q,edgar/data/6201/0000006201-01-500032.txt,0,0,0.0,0,0,0,0,0,0,0,0,0,0,0,0,0,0.0,0,0,0,0,0,0,0,0,0,0,0,0,0,0.0,0,0,0,0,0,0,0,0,0,0,0
6201,AMR CORP,200110,2001-10-25 00:00:00,10-Q,edgar/data/6201/0000006201-01-500047.txt,0,0,0.0,0,0,0,0,0,0,0,0,0,0,0,0,0,0.0,0,0,0,0,0,0,0,0,0,0,0,0,0,0.0,0,0,0,0,0,0,0,0,0,0,0
6201,AMR CORP,200202,2002-02-28 00:00:00,10-K405,edgar/data/6201/0000950134-02-001661.txt,34,86,-0.43333332972222227,18.93010752688172,0.5452996307867083,7.790162863067372,1920,3521,88,49,0.009656347628514627,0.024424879295654643,0.024992899744390798,0.013916500994035786,0,0,0.0,0,0,0,0,0,0,0,0,0,0,0,0,0,0.0,0,0,0,0,0,0,0,0,0,0,0
6201,AMR CORP,200204,2002-04-18 00:00:00,10-Q,edgar/data/6201/0000006201-02-000015.txt,0,0,0.0,0,0,0,0,0,0,0,0,0,0,0,0,0,0.0,0,0,0,0,0,0,0,0,0,0,0,0,0,0.0,0,0,0,0,0,0,0,0,0,0,0
6201,AMR CORP,200207,2002-07-19 00:00:00,10-Q,edgar/data/6201/0000006201-02-000035.txt,0,0,0.0,0,0,0,0,0,0,0,0,0,0,0,0,0,0.0,0,0,0,0,0,0,0,0,0,0,0,0,0,0.0,0,0,0,0,0,0,0,0,0,0,0
6201,AMR CORP,200210,2002-10-18 00:00:00,10-Q,edgar/data/6201/0000006201-02-000052.txt,0,0,0.0,0,0,0,0,0,0,0,0,0,0,0,0,0,0.0,0,0,0,0,0,0,0,0,0,0,0,0,0,0.0,0,0,0,0,0,0,0,0,0,0,0
6201,AMR CORP,200210,2002-10-18 00:00:00,10-Q/A,edgar/data/6201/0000950134-02-012680.txt,7,18,-0.4399999824000007,19.952380952380953,0.5051710421638823,8.183020797817935,635,1257,20,6,0.005568814638027049,0.014319809069212411,0.015910898965791568,0.00477326968973747,0,0,0.0,0,0,0,0,0,0,0,0,0,0,0,0,0,0.0,0,0,0,0,0,0,0,0,0,0,0
6201,AMR CORP,200210,2002-10-18 00:00:00,10-Q/A,edgar/data/6201/0000950134-02-012682.txt,12,39,-0.5294117543252598,21.099009900990097,0.4960112623181605,8.638008465323303,1057,2131,23,10,0.005631159080244017,0.018301267010793053,0.010793054903801032,0.004692632566870014,0,0,0.0,0,0,0,0,0,0,0,0,0,0,0,0,0,0.0,0,0,0,0,0,0,0,0,0,0,0
6201,AMR CORP,200304,2003-04-01 00:00:00,NT 10-K,edgar/data/6201/0000006201-03-000012.txt,0,0,0.0,0,0,0,0,0,0,0,0,0,0,0,0,0,0.0,0,0,0,0,0,0,0,0,0,0,0,0,0,0.0,0,0,0,0,0,0,0,0,0,0,0
6201,AMR CORP,200304,2003-04-15 00:00:00,10-K,edgar/data/6201/0001047469-03-013301.txt,63,127,-0.33684210349030475,18.012779552715656,0.5336998935792834,7.418591778517976,3009,5638,120,98,0.011174175239446612,0.022525718339836822,0.021284143313231644,0.017382050372472507,0,0,0.0,0,0,0,0,0,0,0,0,0,0,0,0,0,0.0,0,0,0,0,0,0,0,0,0,0,0
6201,AMR CORP,200305,2003-05-15 00:00:00,10-Q,edgar/data/6201/0000006201-03-000030.txt,0,0,0.0,0,0,0,0,0,0,0,0,0,0,0,0,0,0.0,0,0,0,0,0,0,0,0,0,0,0,0,0,0.0,0,0,0,0,0,0,0,0,0,0,0
6201,AMR CORP,200307,2003-07-18 00:00:00,10-Q,edgar/data/6201/0000006201-03-000045.txt,0,0,0.0,0,0,0,0,0,0,0,0,0,0,0,0,0,0.0,0,0,0,0,0,0,0,0,0,0,0,0,0,0.0,0,0,0,0,0,0,0,0,0,0,0
6201,AMR CORP,200810,2008-10-16 00:00:00,10-Q,edgar/data/6201/0000006201-08-000060.txt,0,0,0.0,0,0,0,0,0,0,0,0,0,0,0,0,0,0.0,0,0,0,0,0,0,0,0,0,0,0,0,0,0.0,0,0,0,0,0,0,0,0,0,0,0
6201,AMR CORP,200902,2009-02-19 00:00:00,10-K,edgar/data/6201/0000006201-09-000009.txt,82,130,-0.22641509327162693,20.612582781456954,0.5304417670682731,8.45720981941009,3302,6225,105,129,0.013172690763052209,0.020883534136546186,0.016867469879518072,0.02072289156626506,0,0,0.0,0,0,0,0,0,0,0,0,0,0,0,0,0,0.0,0,0,0,0,0,0,0,0,0,0,0
6201,AMR CORP,200904,2009-04-16 00:00:00,10-Q,edgar/data/6201/0000006201-09-000016.txt,0,0,0.0,0,0,0,0,0,0,0,0,0,0,0,0,0,0.0,0,0,0,0,0,0,0,0,0,0,0,0,0,0.0,0,0,0,0,0,0,0,0,0,0,0
6201,AMR CORP,200907,2009-07-15 00:00:00,10-Q,edgar/data/6201/0000006201-09-000029.txt,0,0,0.0,0,0,0,0,0,0,0,0,0,0,0,0,0,0.0,0,0,0,0,0,0,0,0,0,0,0,0,0,0.0,0,0,0,0,0,0,0,0,0,0,0
6201,AMR CORP,200910,2009-10-21 00:00:00,10-Q,edgar/data/6201/0000006201-09-000038.txt,0,0,0.0,0,0,0,0,0,0,0,0,0,0,0,0,0,0.0,0,0,0,0,0,0,0,0,0,0,0,0,0,0.0,0,0,0,0,0,0,0,0,0,0,0
6201,AMR CORP,200911,2009-11-06 00:00:00,10-Q/A,edgar/data/6201/0000006201-09-000040.txt,0,0,0.0,0,0,0,0,0,0,0,0,0,0,0,0,0,0.0,0,0,0,0,0,0,0,0,0,0,0,0,0,0.0,0,0,0,0,0,0,0,0,0,0,0
6201,AMR CORP,201002,2010-02-17 00:00:00,10-K,edgar/data/6201/0000006201-10-000006.txt,74,136,-0.29523809383219957,19.753333333333334,0.535437057036787,8.11550815614805,3173,5926,112,106,0.012487343908201148,0.022949713128585892,0.01889976375295309,0.017887276409044885,0,0,0.0,0,0,0,0,0,0,0,0,0,0,0,0,0,0.0,0,0,0,0,0,0,0,0,0,0,0
6201,AMR CORP,201004,2010-04-21 00:00:00,10-Q,edgar/data/6201/0000006201-10-000013.txt,0,0,0.0,0,0,0,0,0,0,0,0,0,0,0,0,0,0.0,0,0,0,0,0,0,0,0,0,0,0,0,0,0.0,0,0,0,0,0,0,0,0,0,0,0
6201,AMR CORP,201007,2010-07-21 00:00:00,10-Q,edgar/data/6201/0000950123-10-066894.txt,0,0,0.0,0,0,0,0,0,0,0,0,0,0,0,0,0,0.0,0,0,0,0,0,0,0,0,0,0,0,0,0,0.0,0,0,0,0,0,0,0,0,0,0,0
6201,AMR CORP,201010,2010-10-20 00:00:00,10-Q,edgar/data/6201/0000950123-10-094605.txt,0,0,0.0,0,0,0,0,0,0,0,0,0,0,0,0,0,0.0,0,0,0,0,0,0,0,0,0,0,0,0,0,0.0,0,0,0,0,0,0,0,0,0,0,0
6260,ANACOMP INC,199402,1994-02-14 00:00:00,10-Q,edgar/data/6260/0000006260-94-000014.txt,0,0,0.0,0,0,0,0,0,0,0,0,0,0,0,0,0,0.0,0,0,0,0,0,0,0,0,0,0,0,0,0,0.0,0,0,0,0,0,0,0,0,0,0,0
6260,ANACOMP INC,199405,1994-05-12 00:00:00,10-Q,edgar/data/6260/0000006260-94-000016.txt,0,0,0.0,0,0,0,0,0,0,0,0,0,0,0,0,0,0.0,0,0,0,0,0,0,0,0,0,0,0,0,0,0.0,0,0,0,0,0,0,0,0,0,0,0
6260,ANACOMP INC,199712,1997-12-29 00:00:00,10-K,edgar/data/6260/0000006260-97-000011.txt,0,0,0.0,16.0,0.625,6.65,10,16,1,0,0.0,0.0,0.0625,0.0,0,0,0.0,0,0,0,0,0,0,0,0,0,0,0,0,0,0.0,0,0,0,0,0,0,0,0,0,0,0
6260,ANACOMP INC,199802,1998-02-17 00:00:00,10-Q,edgar/data/6260/0000006260-98-000001.txt,6,10,-0.24999998437500096,16.891304347826086,0.4877734877734878,6.95163113423983,379,777,3,12,0.007722007722007722,0.01287001287001287,0.003861003861003861,0.015444015444015444,0,0,0.0,0,0,0,0,0,0,0,0,0,0,0,0,0,0.0,0,0,0,0,0,0,0,0,0,0,0
6260,ANACOMP INC,199805,1998-05-13 00:00:00,10-Q,edgar/data/6260/0000006260-98-000003.txt,23,23,0.0,16.810126582278482,0.4450301204819277,6.902062681104164,591,1328,9,10,0.017319277108433735,0.017319277108433735,0.00677710843373494,0.007530120481927711,0,0,0.0,0,0,0,0,0,0,0,0,0,0,0,0,0,0.0,0,0,0,0,0,0,0,0,0,0,0
6260,ANACOMP INC,199808,1998-08-14 00:00:00,10-Q,edgar/data/6260/0000914121-98-000672.txt,17,33,-0.31999999360000014,17.486486486486488,0.4528593508500773,7.175738334934626,586,1294,16,12,0.01313755795981453,0.025502318392581144,0.012364760432766615,0.00927357032457496,0,0,0.0,0,0,0,0,0,0,0,0,0,0,0,0,0,0.0,0,0,0,0,0,0,0,0,0,0,0
6260,ANACOMP INC,199812,1998-12-29 00:00:00,10-K405,edgar/data/6260/0001047469-98-045227.txt,19,50,-0.4492753558076036,17.95,0.5376044568245125,7.395041782729805,1158,2154,35,21,0.008820798514391829,0.02321262766945218,0.016248839368616527,0.009749303621169917,0,0,0.0,0,0,0,0,0,0,0,0,0,0,0,0,0,0.0,0,0,0,0,0,0,0,0,0,0,0
6260,ANACOMP INC,199902,1999-02-11 00:00:00,10-Q,edgar/data/6260/0000006260-99-000005.txt,0,0,0.0,0,0,0,0,0,0,0,0,0,0,0,0,0,0.0,0,0,0,0,0,0,0,0,0,0,0,0,0,0.0,0,0,0,0,0,0,0,0,0,0,0
6260,ANACOMP INC,199905,1999-05-17 00:00:00,10-Q,edgar/data/6260/0000006260-99-000007.txt,0,0,0.0,0,0,0,0,0,0,0,0,0,0,0,0,0,0.0,0,0,0,0,0,0,0,0,0,0,0,0,0,0.0,0,0,0,0,0,0,0,0,0,0,0
6260,ANACOMP INC,199908,1999-08-13 00:00:00,10-Q,edgar/data/6260/0000006260-99-000010.txt,0,0,0.0,0,0,0,0,0,0,0,0,0,0,0,0,0,0.0,0,0,0,0,0,0,0,0,0,0,0,0,0,0.0,0,0,0,0,0,0,0,0,0,0,0
11860,BETHLEHEM STEEL CORP /DE/,199811,1998-11-12 00:00:00,10-Q,edgar/data/11860/0000011860-98-000022.txt,0,0,0.0,0,0,0,0,0,0,0,0,0,0,0,0,0,0.0,0,0,0,0,0,0,0,0,0,0,0,0,0,0.0,0,0,0,0,0,0,0,0,0,0,0
11860,BETHLEHEM STEEL CORP /DE/,199903,1999-03-24 00:00:00,10-K405,edgar/data/11860/0001021408-99-000543.txt,0,0,0.0,6.5,0.6923076923076923,2.8769230769230774,9,13,0,1,0.0,0.0,0.0,0.07692307692307693,0,0,0.0,0,0,0,0,0,0,0,0,0,0,0,0,0,0.0,0,0,0,0,0,0,0,0,0,0,0
11860,BETHLEHEM STEEL CORP /DE/,199905,1999-05-14 00:00:00,10-Q,edgar/data/11860/0000011860-99-000025.txt,0,0,0.0,0,0,0,0,0,0,0,0,0,0,0,0,0,0.0,0,0,0,0,0,0,0,0,0,0,0,0,0,0.0,0,0,0,0,0,0,0,0,0,0,0
11860,BETHLEHEM STEEL CORP /DE/,199906,1999-06-29 00:00:00,10-K/A,edgar/data/11860/0000011860-99-000030.txt,0,0,0.0,0,0,0,0,0,0,0,0,0,0,0,0,0,0.0,0,0,0,0,0,0,0,0,0,0,0,0,0,0.0,0,0,0,0,0,0,0,0,0,0,0
11860,BETHLEHEM STEEL CORP /DE/,199908,1999-08-05 00:00:00,10-Q,edgar/data/11860/0000011860-99-000035.txt,0,0,0.0,0,0,0,0,0,0,0,0,0,0,0,0,0,0.0,0,0,0,0,0,0,0,0,0,0,0,0,0,0.0,0,0,0,0,0,0,0,0,0,0,0
11860,BETHLEHEM STEEL CORP /DE/,199911,1999-11-02 00:00:00,10-Q,edgar/data/11860/0000011860-99-000042.txt,0,0,0.0,0,0,0,0,0,0,0,0,0,0,0,0,0,0.0,0,0,0,0,0,0,0,0,0,0,0,0,0,0.0,0,0,0,0,0,0,0,0,0,0,0
11860,BETHLEHEM STEEL CORP /DE/,200003,2000-03-09 00:00:00,10-K,edgar/data/11860/0000011860-00-000019.txt,0,0,0.0,6.5,0.6923076923076923,2.8769230769230774,9,13,0,1,0.0,0.0,0.0,0.07692307692307693,0,0,0.0,0,0,0,0,0,0,0,0,0,0,0,0,0,0.0,0,0,0,0,0,0,0,0,0,0,0
11860,BETHLEHEM STEEL CORP /DE/,200005,2000-05-03 00:00:00,10-Q,edgar/data/11860/0000011860-00-000022.txt,0,0,0.0,0,0,0,0,0,0,0,0,0,0,0,0,0,0.0,0,0,0,0,0,0,0,0,0,0,0,0,0,0.0,0,0,0,0,0,0,0,0,0,0,0
11860,BETHLEHEM STEEL CORP /DE/,200006,2000-06-28 00:00:00,10-K/A,edgar/data/11860/0000011860-00-000025.txt,0,0,0.0,0,0,0,0,0,0,0,0,0,0,0,0,0,0.0,0,0,0,0,0,0,0,0,0,0,0,0,0,0.0,0,0,0,0,0,0,0,0,0,0,0
11860,BETHLEHEM STEEL CORP /DE/,200007,2000-07-26 00:00:00,10-Q,edgar/data/11860/0000011860-00-000028.txt,0,0,0.0,0,0,0,0,0,0,0,0,0,0,0,0,0,0.0,0,0,0,0,0,0,0,0,0,0,0,0,0,0.0,0,0,0,0,0,0,0,0,0,0,0
11860,BETHLEHEM STEEL CORP /DE/,200010,2000-10-25 00:00:00,10-Q,edgar/data/11860/0000011860-00-000038.txt,0,0,0.0,0,0,0,0,0,0,0,0,0,0,0,0,0,0.0,0,0,0,0,0,0,0,0,0,0,0,0,0,0.0,0,0,0,0,0,0,0,0,0,0,0
12239,SPHERIX INC,200704,2007-04-02 00:00:00,10-K,edgar/data/12239/0001104659-07-024804.txt,0,0,0.0,0,0,0,0,0,0,0,0,0,0,0,0,0,0.0,0,0,0,0,0,0,0,0,0,0,0,0,0,0.0,0,0,0,0,0,0,0,0,0,0,0
12239,SPHERIX INC,200705,2007-05-16 00:00:00,NT 10-Q,edgar/data/12239/0001104659-07-040463.txt,0,0,0.0,0,0,0,0,0,0,0,0,0,0,0,0,0,0.0,0,0,0,0,0,0,0,0,0,0,0,0,0,0.0,0,0,0,0,0,0,0,0,0,0,0
12239,SPHERIX INC,200705,2007-05-18 00:00:00,10-Q,edgar/data/12239/0001104659-07-041441.txt,0,0,0.0,0,0,0,0,0,0,0,0,0,0,0,0,0,0.0,0,0,0,0,0,0,0,0,0,0,0,0,0,0.0,0,0,0,0,0,0,0,0,0,0,0
12239,SPHERIX INC,200705,2007-05-23 00:00:00,10-K/A,edgar/data/12239/0001104659-07-042333.txt,0,0,0.0,0,0,0,0,0,0,0,0,0,0,0,0,0,0.0,0,0,0,0,0,0,0,0,0,0,0,0,0,0.0,0,0,0,0,0,0,0,0,0,0,0
12239,SPHERIX INC,200708,2007-08-14 00:00:00,10-Q,edgar/data/12239/0001104659-07-062470.txt,0,0,0.0,0,0,0,0,0,0,0,0,0,0,0,0,0,0.0,0,0,0,0,0,0,0,0,0,0,0,0,0,0.0,0,0,0,0,0,0,0,0,0,0,0
